Title,RatingTomatometer,No. of Reviews
Black Panther (2018),97,444
Mad Max: Fury Road (2015),97,394
Wonder Woman (2017),93,410
Metropolis (1927),99,118
Coco (2017),97,308
Dunkirk (2017),92,413
Incredibles 2 (2018),94,332
Star Wars: The Last Jedi (2017),91,419
Logan (2017),93,371
Star Wars: Episode VII - The Force Awakens (2015),93,402
King Kong (1933),98,56
The Adventures of Robin Hood (1938),100,45
Thor: Ragnarok (2017),92,370
Baby Driver (2017),93,343
Zootopia (2016),97,268
Seven Samurai (Shichinin no Samurai) (1956),100,58
Spider-Man: Homecoming (2017),92,350
Up (2009),98,290
The Jungle Book (2016),95,307
War for the Planet of the Apes (2017),93,323
The Treasure of the Sierra Madre (1948),100,45
Lawrence of Arabia (1962),98,80
The Dark Knight (2008),94,332
Captain America: Civil War (2016),91,381
Jaws (1975),97,79
Harry Potter and the Deathly Hallows - Part 2 (2011),96,320
The Hurt Locker (2009),97,277
Aliens (1986),99,68
The LEGO Movie (2014),96,240
Skyfall (2012),92,362
Ant-Man and the Wasp (2018),88,364
Star Wars: Episode IV - A New Hope (1977),93,114
WALL-E (2008),96,252
Moana (2016),95,261
The Searchers (1956),100,42
Star Trek (2009),94,342
Kubo and the Two Strings (2016),97,207
The 39 Steps (1935),96,46
Rio Bravo (1959),100,40
The Terminator (1984),100,59
Mission: Impossible Rogue Nation (2015),93,300
Marvel's The Avengers (2012),92,340
The African Queen (1951),98,42
Star Wars: Episode V - The Empire Strikes Back (1980),95,92
Once Upon a Time in the West (1968),98,58
Apocalypse Now (1979),96,85
Blade Runner 2049 (2017),87,389
The French Connection (1971),98,55
True Grit (2010),96,270
Isle of Dogs (2018),89,314
Throne of Blood (1957),98,42
"Aguirre, the Wrath of God (Aguirre, der Zorn Gottes) (1972)",98,46
Badlands (1974),98,52
Avengers: Infinity War (2018),84,408
Yellow Submarine (1968),97,59
Guardians of the Galaxy (2014),91,306
Iron Man (2008),93,274
Chicken Run (2000),97,170
Spartacus (1960),96,54
The Princess Bride (1987),97,71
Hunt for the Wilderpeople (2016),96,185
Ghostbusters (1984 Original) (1984),97,71
Goldfinger (1964),97,60
Paths of Glory (1957),95,55
Casino Royale (2006),94,252
All Is Lost (2013),94,228
Ran (1985),96,80
The Lego Batman Movie (2017),90,289
Doctor Strange (2016),89,338
A Fistful of Dollars (Per un Pugno di Dollari) (1964),98,47
Assault on Precinct 13 (1976),98,42
X-Men: Days of Future Past (2014),90,306
No Country for Old Men (2007),93,279
The Lord of the Rings: The Two Towers (2002),95,250
Looper (2012),93,257
Back to the Future (1985),96,77
The Right Stuff (1983),98,46
Gojira (1956),93,70
"Crouching Tiger, Hidden Dragon (2001)",97,153
The Fugitive (1993),96,74
Dawn Of The Planet Of The Apes (2014),90,297
Mad Max 2: The Road Warrior (1982),98,43
Mandy (2018),92,213
Who Framed Roger Rabbit (1988),97,63
Annihilation (2018),89,271
Close Encounters of the Third Kind (1977),96,57
Diva (1981),98,48
The Bridge on the River Kwai (1957),94,54
Babe (1995),97,70
Dr. No (1962),96,54
The Lion King (1994),93,123
Sicario (2015),92,250
Jurassic Park (1993),91,123
In the Line of Fire (1993),96,67
Raiders of the Lost Ark (1981),95,75
From Russia With Love (1964),96,55
Superman (1978),94,65
Saving Private Ryan (1998),93,137
The Lord of the Rings: The Return of the King (2003),93,270
Embrace Of The Serpent (El Abrazo De La Serpiente) (2016),96,139
Inside Out (2015),98,347
Paddington 2 (2018),100,216
Snow White and the Seven Dwarfs (1937),98,47
Toy Story 2 (1999),100,163
Toy Story 3 (2010),98,299
Finding Nemo (2003),99,262
Pinocchio (1940),100,47
Finding Dory (2016),94,309
Toy Story (1995),100,81
Shaun the Sheep Movie (2015),99,160
Ratatouille (2007),96,246
Only Yesterday (1991),100,53
How to Train Your Dragon (2010),98,205
The Incredibles (2004),97,239
Beauty and the Beast (1991),94,113
My Life as a Zucchini (Ma vie de courgette) (2017),98,127
101 Dalmatians (1961),98,46
The Nightmare Before Christmas (1993),95,94
Fantasia (1940),96,50
"Monsters, Inc. (2001)",96,193
The Iron Giant (1999),96,136
Spirited Away (2002),97,183
Tower (2016),99,92
Song Of The Sea (2014),99,88
Anomalisa (2015),92,255
Your Name. (Kimi No Na Wa.) (2017),97,110
Waltz with Bashir (2008),96,148
Persepolis (2007),96,159
Wallace & Gromit: The Curse of the Were-Rabbit (2005),95,181
The Secret World of Arrietty (2012),95,146
Ernest & Célestine (2014),97,77
The Red Turtle (La tortue rouge) (2017),93,157
Long Way North (Tout en haut du monde) (2016),98,52
Aladdin (1992),94,69
Fantastic Mr. Fox (2009),92,231
Frozen (2013),90,233
The Breadwinner (2017),95,95
Ghost in the Shell (1996),96,50
Coraline (2009),90,261
Lady and the Tramp (1955),93,40
Antz (1998),93,91
The Triplets of Belleville (2003),94,147
How to Train Your Dragon 2 (2014),91,176
Bambi (1942),90,48
My Neighbor Totoro (1988),94,49
Big Hero 6 (2014),89,212
The Little Mermaid (1989),92,65
A Bug's Life (1998),92,85
Princess Mononoke (Mononoke-hime) (1999),92,106
Arthur Christmas (2011),92,163
Mary and Max (2009),95,64
James and the Giant Peach (1996),92,73
Teen Titans Go! To the Movies (2018),91,116
Ponyo (2009),91,164
Shrek 2 (2004),89,235
Bolt (2008),89,181
Tangled (2010),89,219
The Simpsons Movie (2007),88,220
Shrek (2001),88,202
Frankenweenie (2012),87,213
The Wind Rises (2014),88,170
Boy and the World (O Menino e o Mundo) (2015),93,56
Winnie the Pooh (2011),91,127
Rango (2011),88,216
The Illusionist (L'illusionniste) (2010),91,128
ParaNorman (2012),88,177
The Peanuts Movie (2015),87,187
Kung Fu Panda (2008),87,182
Wreck-it Ralph (2012),87,180
Millennium Actress (Sennen joyû) (2001),92,52
When Marnie Was There (2015),90,93
The Secret of Kells (2010),91,81
Howl's Moving Castle (2005),87,177
Tarzan (1999),88,104
Kung Fu Panda 3 (2016),86,167
The Boy And The Beast (Bakemono No Ko) (2016),90,67
Captain Underpants: The First Epic Movie (Captain Underpants) (2017),87,125
Sausage Party (2016),83,219
Tokyo Godfathers (2003),90,67
Mary and The Witch's Flower (2018),88,80
My Dog Tulip (2010),90,59
The Pirates! Band of Misfits (2012),86,149
The Princess and the Frog (2009),85,191
Loving Vincent (2017),85,141
Akira (1988),87,47
Tim Burton's Corpse Bride (2005),84,188
The Cabinet of Dr. Caligari (Das Cabinet des Dr. Caligari) (1920),100,50
La Grande illusion (Grand Illusion) (1938),97,66
"Nosferatu, a Symphony of Horror (Nosferatu, eine Symphonie des Grauens) (Nosferatu the Vampire) (1922)",97,62
The Battle of Algiers (La Battaglia di Algeri) (1967),98,85
M (1931),100,51
The 400 Blows (Les Quatre cents coups) (1959),100,55
Army of Shadows (L'Armée des ombres) (1969),97,72
Rashômon (1951),98,52
The Wages of Fear (1953),100,43
Open City (1946),100,42
Tokyo Story (Tôkyô monogatari) (1953),100,41
The Leopard (1963),100,46
Battleship Potemkin (1925),100,45
The Conformist (1970),98,53
Au Hasard Balthazar (1966),100,40
Things to Come (L'avenir) (2016),100,135
La Dolce Vita (1960),97,58
Let the Right One In (2008),98,183
Playtime (1973),100,44
The Discreet Charm Of The Bourgeoisie (Le Charme Discret de la Bourgeoisie) (1972),98,50
The Rules of the Game (La règle du jeu) (1939),98,45
"Faces Places (Visages, villages) (2017)",99,129
The Passion of Joan of Arc (La Passion de Jeanne d'Arc) (1928),98,45
Tampopo (1985),100,51
The Salesman (Forushande) (2017),96,187
A Separation (2011),99,169
Eyes Without a Face (1962),98,54
Gloria (2014),99,126
8 1/2 (1963),98,47
Pather Panchali (1955),98,42
The Umbrellas of Cherbourg (Les Parapluies de Cherbourg) (1964),98,55
A Fantastic Woman (Una mujer fantástica) (2018),94,200
Three Colors: Red (Trois couleurs: Rouge) (1994),100,52
Le Cercle Rouge (1970),95,59
The Tale of the Princess Kaguya (2014),100,86
Amy (2015),95,209
BPM (Beats Per Minute) (120 battements par minute) (2017),98,119
Sing Street (2016),95,199
GETT: The Trial of Viviane Amsalem (2015),100,75
Solaris (1976),96,56
Wings of Desire (1987),98,51
The Young Girls of Rochefort (Les Demoiselles de Rochefort) (1968),98,40
Timbuktu (2015),98,116
Jiro Dreams of Sushi (2012),99,92
Aruitemo Aruitemo (Still Walking) (2008),100,63
The Taste of Others (Le goût des autres) (2000),100,58
All About My Mother (Todo sobre mi madre) (1999),98,85
Toni Erdmann (2016),93,219
Waste Land (2010),100,70
The Band's Visit (2007),98,116
Poetry (2011),100,65
The Vanishing (Spoorloos) (1988),98,46
Loveless (Nelyubov) (2018),94,162
Elevator to the Gallows (Ascenseur pour l'échafaud) (1958),93,55
God's Own Country (2017),97,110
Afghan Star (2009),100,60
A Prophet (Un prophete) (2010),97,153
Three Colors: Blue (Trois Couleurs: Bleu) (1993),98,43
After the Storm (Umi yori mo mada fukaku) (2017),96,127
About Elly (2015),99,69
Fireworks Wednesday (Chaharshanbe-soori) (2016),100,43
Last Train Home (2010),100,54
The Seventh Seal (Det Sjunde inseglet) (1957),93,55
Project Nim (2011),97,141
Monsieur Lazhar (2012),97,117
Mafioso (1964),96,50
Maria Full of Grace (2004),97,144
Hero (2004),95,205
An Education (2009),95,189
Nostalgia for the Light (2011),100,45
Amour (2012),93,214
L'Avventura (1960),95,43
The Look of Silence (2015),96,129
Rivers and Tides: Andy Goldsworthy Working With Time (2002),99,71
Moolaadé (2004),99,73
The Class (2008),95,155
The Man Without a Past (2002),98,98
The Twilight Samurai (Tasogare Seibei) (2004),99,69
The Kid with a Bike (2012),96,128
This Is Not a Film (2012),97,98
Rififi (Du Rififi Chez les Hommes) (1956),94,48
Elle (2016),91,229
District 9 (2009),90,307
"Sex, Lies, and Videotape (1989)",96,47
The Wizard of Oz (1939),98,111
Citizen Kane (1941),100,80
The Third Man (1949),99,78
All About Eve (1950),100,65
It Happened One Night (1934),98,54
Modern Times (1936),100,54
Casablanca (1942),97,77
Singin' in the Rain (1952),100,50
Psycho (1960),97,89
Laura (1944),100,60
A Hard Day's Night (1964),98,106
Repulsion (1965),100,60
North by Northwest (1959),99,72
Sunset Boulevard (1950),98,61
Rear Window (1954),100,64
The Bride of Frankenstein (1935),100,43
The Philadelphia Story (1940),100,56
Touch of Evil (1958),96,74
All Quiet on the Western Front (1930),100,42
12 Angry Men (Twelve Angry Men) (1957),100,50
A Streetcar Named Desire (1951),98,56
Vertigo (1958),96,71
Rebecca (1940),100,51
Rosemary's Baby (1968),99,69
Dr. Strangelove Or How I Learned to Stop Worrying and Love the Bomb (1964),99,76
Frankenstein (1931),100,46
On the Waterfront (1954),98,62
The Grapes of Wrath (1940),100,44
The Big Sleep (1946),97,59
Roman Holiday (1953),98,53
The Lady Vanishes (1938),98,41
The Last Picture Show (1971),100,51
Cool Hand Luke (1967),100,49
Chinatown (1974),98,64
Anatomy of a Murder (1959),100,42
Invasion of the Body Snatchers (1956),98,56
Gone With the Wind (1939),92,89
An American in Paris (1951),95,62
The Gold Rush (1925),100,43
The Red Shoes (1948),96,55
Sweet Smell of Success (1957),98,48
To Be or Not to Be (1942),98,42
Mary Poppins (1964),100,48
City Lights (1931),98,45
Miracle on 34th Street (1947),96,47
2001: A Space Odyssey (1968),93,98
His Girl Friday (1940),98,47
It's a Wonderful Life (1946),93,74
Night of the Living Dead (1968),97,64
The Manchurian Candidate (1962),98,54
Gentlemen Prefer Blondes (1953),98,40
Freaks (1932),94,53
The Birth of a Nation (1915),98,40
Forbidden Planet (1956),98,42
The Best Years of Our Lives (1946),96,48
Bringing Up Baby (1938),95,42
Some Like It Hot (1959),96,54
Duck Soup (1933),94,47
Sunrise: A Song of Two Humans (1927),98,51
The Day the Earth Stood Still (1951),94,54
Rebel Without a Cause (1955),96,49
Peeping Tom (1960),96,49
The Apartment (1960),94,62
The Birds (1963),96,52
One Flew Over the Cuckoo's Nest (1975),94,68
Mean Streets (1973),96,53
Don't Look Now (1973),96,53
Lady Bird (2017),99,349
BlacKkKlansman (2018),95,371
The Big Sick (2017),98,274
Eighth Grade (2018),99,232
La La Land (2016),91,414
"Three Billboards Outside Ebbing, Missouri (2017)",91,363
The Death of Stalin (2018),96,228
Crazy Rich Asians (2018),91,304
Monty Python and the Holy Grail (1975),97,73
Paterson (2016),96,241
Sorry to Bother You (2018),93,263
Birdman (2014),91,331
Love & Friendship (2016),97,196
The Disaster Artist (2017),91,307
Annie Hall (1977),97,71
The Artist (2011),95,304
The Nice Guys (2016),92,292
Paddington (2015),98,151
Spy (2015),94,244
Logan Lucky (2017),92,256
Airplane! (1980),97,61
Big (1988),97,74
The Player (1992),98,62
Don't Think Twice (2016),98,131
Monty Python's Life of Brian (1979),97,60
The Grand Budapest Hotel (2014),91,285
Sideways (2004),96,227
The Edge of Seventeen (2016),95,192
Groundhog Day (1993),96,77
What We Do In The Shadows (2015),96,170
Tangerine (2015),97,144
Bull Durham (1988),97,66
Moonrise Kingdom (2012),93,244
Lost In Translation (2003),95,228
Enough Said (2013),95,182
Broadcast News (1987),98,45
The Muppets (2011),95,220
Hannah Gadsby: Nanette (2018),100,44
Repo Man (1984),98,44
The Truman Show (1998),94,125
Le Havre (2011),99,93
Say Anything... (1989),98,43
Hairspray (1988),98,42
Silver Linings Playbook (2012),92,244
American Graffiti (1973),96,47
Juno (2007),94,208
We Are the Best! (2014),96,129
Manhattan (1979),95,62
Bullets Over Broadway (1994),97,58
Won't You Be My Neighbor? (2018),98,216
I Am Not Your Negro (2017),98,192
Man on Wire (2008),100,157
Life Itself (2014),97,196
20 Feet From Stardom (2013),99,118
Three Identical Strangers (2018),96,157
The Last Waltz (1978),98,47
Taxi to the Dark Side (2007),100,92
Kedi (2017),98,114
Blackfish (2013),98,126
Citizenfour (2014),97,143
Murderball (2005),98,138
Minding the Gap (2018),100,63
Shirkers (2018),100,58
Weiner (2016),96,162
Inside Job (2010),98,146
The Missing Picture (2014),99,86
Deliver Us from Evil (2006),100,72
Seymour: An Introduction (2015),100,65
RBG (2018),95,153
Anvil! The Story of Anvil (2009),98,135
Bright Lights: Starring Carrie Fisher and Debbie Reynolds (2017),100,56
The Square (Al Midan) (2013),100,62
Hoop Dreams (1994),98,55
"Mr. Death: The Rise and Fall of Fred A. Leuchter, Jr. (1999)",100,43
Strong Island (2017),100,45
Capturing the Friedmans (2003),97,152
Iris (2015),98,96
The Overnighters (2014),99,69
Jodorowsky's Dune (2014),97,115
The Interrupters (2011),99,89
How to Survive a Plague (2012),99,73
March of the Penguins (2005),95,182
56 Up (2013),99,67
The Invisible War (2012),99,70
Kurt Cobain: Montage Of Heck (2015),98,90
Spellbound (2002),97,139
Everyday Sunshine: The Story of Fishbone (2011),100,45
We Were Here (2011),100,44
Enron: The Smartest Guys in the Room (2005),97,119
Bill Cunningham New York (2011),99,72
When We Were Kings (1996),98,47
The Act Of Killing (2013),95,147
13th (2016),97,92
Elaine Stritch: Shoot Me (2014),98,65
Hitchcock/Truffaut (2015),96,114
The King of Kong: A Fistful of Quarters (2007),97,100
The Fog of War: Eleven Lessons from the Life of Robert S. McNamara (2003),96,140
Bowling for Columbine (2002),95,169
The Imposter (2012),96,113
The War Tapes (2006),98,65
Cave of Forgotten Dreams (2011),96,133
West of Memphis (2012),96,112
The Beatles: Eight Days a Week - The Touring Years (2016),96,99
Ai Weiwei: Never Sorry (2012),97,79
Beware Of Mr. Baker (2012),98,52
Jafar Panahi's Taxi (2015),96,96
Marwencol (2010),98,60
Undefeated (2012),96,100
Sicko (2007),92,216
Finders Keepers (2015),98,46
Mea Maxima Culpa: Silence In The House Of God (2012),98,48
Blindsight (2006),98,50
Sound City (2013),98,45
The Devil Came on Horseback (2007),98,51
Call Me Kuchu (2013),98,44
The Island President (2012),98,46
For the Bible Tells Me So (2007),98,49
Welcome To Leith (2015),98,43
Keep On Keepin' On (2014),98,41
Let The Fire Burn (2013),98,42
Restrepo (2010),96,114
The Life and Times of Hank Greenberg (2000),97,65
Born To Be Wild (2011),98,49
Surfwise (2007),98,44
"Lo and Behold, Reveries of the Connected World (2016)",94,132
Bus 174 (Ônibus 174) (2003),97,78
Stories We Tell (2013),94,134
Wordplay (2006),95,120
Control Room (2004),96,110
Burma VJ: Reporter i et Lukket Land (Burma VJ: Reporting from a Closed Country) (2008),97,62
No End in Sight (2007),96,95
49 Up (2006),97,65
The Cove (2009),95,128
Winged Migration (2003),95,133
Muscle Shoals (2013),96,82
The Queen of Versailles (2012),95,111
Moonlight (2016),98,347
A Quiet Place (2018),95,330
Spotlight (2015),97,344
Selma (2015),99,289
The Godfather (1972),98,88
Call Me by Your Name (2018),95,311
Arrival (2016),94,389
Leave No Trace (2018),100,208
The Shape of Water (2017),92,392
Boyhood (2014),97,302
The Maltese Falcon (1941),100,53
Gravity (2013),96,335
12 Years a Slave (2013),95,348
Argo (2012),96,340
The Florida Project (2017),96,274
Alien (1979),97,110
Manchester by the Sea (2016),95,318
Bicycle Thieves (Ladri di biciclette) (1949),98,57
Taxi Driver (1976),98,82
Hell or High Water (2016),97,259
The Babadook (2014),98,227
Brooklyn (2015),97,258
The Night of the Hunter (1955),98,65
The Wrestler (2008),98,225
L.A. Confidential (1997),99,109
Creed (2015),95,285
Phantom Thread (2018),91,303
Room (2015),94,293
Hidden Figures (2017),93,284
"I, Tonya (2018)",89,341
"The Godfather, Part II (1974)",97,72
The Post (2018),88,357
Carol (2015),94,285
Nightcrawler (2014),95,251
Before Midnight (2013),98,189
Schindler's List (1993),97,93
Get Out (2017),98,339
It Follows (2015),96,240
Hereditary (2018),89,317
The Witch (2016),91,308
The Silence of the Lambs (1991),96,89
Pan's Labyrinth (2006),95,229
Evil Dead 2: Dead by Dawn (1987),98,56
Halloween (1978),95,65
The Innocents (1961),96,48
The Cabin in the Woods (2012),91,272
A Girl Walks Home Alone at Night (2014),96,122
Drag Me to Hell (2009),92,261
It (2017),85,339
Invasion of the Body Snatchers (1978),94,54
The Evil Dead (1981),95,59
The Endless (2018),95,111
Carrie (1976),93,60
Re-Animator (1985),95,58
Young Frankenstein (1974),93,57
The Loved Ones (2012),98,55
Nosferatu: Phantom der Nacht (Nosferatu the Vampyre) (1979),94,54
The Love Witch (2016),95,107
Room 237 (2013),94,128
Suspiria (1977),93,54
Train to Busan (Busanhaeng) (2016),95,97
A Nightmare on Elm Street (1984),94,50
Shaun of the Dead (2004),92,205
The Host (2007),93,151
Dracula (1931),91,46
The Fly (1986),92,59
Zombieland (2009),90,244
What Ever Happened to Baby Jane? (1962),92,50
CAM (2018),94,79
Eraserhead (1977),91,56
It Comes At Night (2017),87,226
Dawn of the Dead (1979),93,40
Don't Breathe (2016),88,217
Phantom Of The Opera (1925),91,46
We Are Still Here (2015),95,43
The Wicker Man (1973),90,49
Little Shop of Horrors (1986),90,51
The Texas Chainsaw Massacre (1974),88,59
Let Me In (2010),88,227
Upgrade (2018),87,166
Halloween (2018),79,323
The Blair Witch Project (1999),87,156
The Exorcist (1973),86,74
The Conjuring (2013),86,213
The Dead Zone (1983),90,42
Bone Tomahawk (2015),91,85
Misery (1990),89,65
The Shining (1980),86,73
Cronos (1994),90,51
The Orphanage (2007),87,177
28 Days Later (2003),86,225
Gerald's Game (2017),90,69
The Devil's Candy (2017),91,47
An American Werewolf in London (1981),88,51
Near Dark (1987),88,48
Poltergeist (1982),86,59
Henry: Portrait of a Serial Killer (1986),86,59
This Is the End (2013),83,221
Chronicle (2012),85,175
The Descent (2006),85,173
The Omen (1976),86,43
Donnie Darko: The Director's Cut (2004),90,42
Save the Green Planet (2004),90,40
Slither (2006),86,138
Ginger Snaps (2001),89,57
The Autopsy of Jane Doe (2016),87,98
A Field in England (2014),88,68
Backcountry (2015),89,46
"Goodnight Mommy (Ich seh, Ich seh) (2015)",85,140
Altered States (1980),86,43
The Thing (1982),84,61
Better Watch Out (2017),88,58
They Live (1988),85,60
The House of the Devil (2009),87,97
The Conjuring 2 (2016),80,240
The Others (2001),84,160
E.T. The Extra-Terrestrial (1982),98,125
My Fair Lady (1964),96,48
The Straight Story (1999),96,91
Hugo (2011),93,219
Enchanted (2007),93,189
Jason and the Argonauts (1963),93,42
The Secret of Roan Inish (1995),95,44
Harry Potter and the Prisoner of Azkaban (2004),90,255
Spy Kids (2001),93,127
How Green Was My Valley (1941),90,41
L'Heure d'été (Summer Hours) (2009),94,105
Pete's Dragon (2016),88,226
A Monster Calls (2017),86,247
Harry Potter and the Goblet of Fire (2005),88,249
That Thing You Do! (1996),93,57
Willy Wonka and the Chocolate Factory (1971),91,46
First Position (2012),93,73
Lassie (2006),93,68
Duma (2005),93,61
A Christmas Story (1983),89,56
The Sound of Music (1965),85,61
Millions (2005),88,160
Cinderella (2015),84,228
Disneynature Bears (2014),91,56
The Muppet Movie (1979),88,48
Harry Potter and the Half-Blood Prince (2009),83,272
The Karate Kid (1984),88,43
Freaky Friday (2003),87,151
Once (2007),97,156
West Side Story (1961),94,65
Amadeus (1984),94,86
Johnny Guitar (1954),95,44
What's Love Got To Do With It? (1993),96,53
Nashville (1975),92,53
The Full Monty (1997),96,47
Marley (2012),95,106
Hairspray (2007),91,217
Searching for Sugar Man (2012),94,125
Les Plages d'Agnès (The Beaches of Agnes) (2008),96,71
Festival Express (2003),96,80
"20,000 Days on Earth (2014)",95,84
Exit Through The Gift Shop (2010),95,110
Funny Girl (1968),93,44
Love & Mercy (2015),90,203
Born Into Brothels (2004),95,107
Pina (2011),95,102
Crumb (1995),95,43
Marina Abramovic: The Artist Is Present (2012),96,45
Los Angeles Plays Itself (2003),96,45
Straight Outta Compton (2015),88,227
Lost in La Mancha (2003),94,100
Lagaan: Once Upon a Time in India (2001),95,59
Hedwig and the Angry Inch (2001),93,108
Crazy Heart (2009),90,205
My Kid Could Paint That (2007),94,83
End of the Century: The Story of the Ramones (2004),95,62
The Wrecking Crew (2015),94,68
Dave Chappelle's Block Party (2006),92,125
The Filth and the Fury (2000),95,40
The Sapphires (2013),91,135
Sing Your Song (2012),95,40
A Band Called Death (2013),94,49
Florence Foster Jenkins (2016),87,211
My Architect (2004),93,91
Every Little Step (2009),92,96
U2 3D (2007),92,88
Sid and Nancy (1986),88,64
Scratch (2002),93,46
F for Fake (1974),88,50
Ballets Russes (2005),92,59
Standing in the Shadows of Motown (2002),91,92
Shine (1996),91,44
Born To Be Blue (2016),89,114
Five Easy Pieces (1970),87,46
Neil Young: Heart of Gold (2006),90,98
Buena Vista Social Club (1999),91,46
Topsy-Turvy (1999),89,84
Chicago (2002),85,252
Sweeney Todd: The Demon Barber of Fleet Street (2007),85,224
The Devil and Daniel Johnston (2006),89,110
Caesar Must Die (2013),91,47
Metallica: Some Kind of Monster (2004),89,123
The Punk Singer (2013),90,62
Control (2007),88,112
Mamma Mia! Here We Go Again (2018),80,239
Beats Rhymes & Life: The Travels of a Tribe Called Quest (2011),90,59
High Noon (1952),96,50
Strangers on a Train (1951),98,44
The Conversation (1974),98,48
Eye In The Sky (2016),95,200
The Guilty (Den skyldige) (2018),99,88
Blood Simple (1984),94,98
Bridge of Spies (2015),91,284
Searching (2018),92,214
Ex Machina (2015),92,251
10 Cloverfield Lane (2016),90,289
In the Heat of the Night (1967),96,47
Wake in Fright (2012),100,51
Blue Ruin (2014),96,136
The Killer (1989),98,40
The Bourne Ultimatum (2007),92,263
To Catch a Thief (1955),95,44
Gone Girl (2014),87,335
The Imitation Game (2014),90,265
Blue Velvet (1986),94,68
Diabolique (Les Diaboliques) (1955),95,42
Children of Men (2006),92,244
Wild Tales (2015),95,148
You Were Never Really Here (2018),89,240
Beauty and The Beast (La Belle et la bête) (1946),95,63
Her (2013),94,260
The Hustler (1961),98,43
Before Sunrise (1995),100,42
Sense and Sensibility (1995),98,59
Titanic (1997),89,184
Slumdog Millionaire (2008),91,277
Daughters of the Dust (1991),98,40
Shakespeare in Love (1998),92,137
Giant (1956),95,40
Up in the Air (2009),91,278
Eternal Sunshine Of The Spotless Mind (2004),93,238
The Lunchbox (2014),96,105
Before Sunset (2004),95,172
Dave (1993),95,58
The Town (2010),93,222
Midnight in Paris (2011),93,215
From Here to Eternity (1953),92,50
Four Weddings and a Funeral (1994),95,66
A Summer's Tale (2014),98,46
The Crying Game (1992),94,66
Big Night (1996),96,56
Howards End (1992),94,63
Million Dollar Baby (2004),91,264
About a Boy (2002),93,186
The General (1927),94,47
Knocked Up (2007),90,248
Monsoon Wedding (2002),95,120
Masculin Feminin (1966),92,39
Hamlet (1996),95,56
Revanche (2009),96,81
To All the Boys I've Loved Before (2018),96,55
Out of Sight (1998),93,88
The Graduate (1967),89,75
The Remains of the Day (1993),95,40
Strictly Ballroom (1992),95,41
The Spectacular Now (2013),92,160
Moonstruck (1987),93,55
The Duke Of Burgundy (2015),94,95
Brief Encounter (1945),90,41
The Piano (1993),92,60
Southside With You (2016),91,151
Y Tu Mama Tambien (2001),92,137
Lone Star (1996),94,47
Hannah and Her Sisters (1986),91,56
Kung Fu Hustle (2005),90,185
Open Hearts (Elsker Dig For Evigt) (2002),95,57
Obvious Child (2014),90,157
Husbands and Wives (1992),93,40
The Martian (2015),91,346
Snowpiercer (2014),95,237
Live Die Repeat: Edge of Tomorrow (2014),90,305
Brazil (1985),98,47
Blade Runner (1982),90,110
Spider-Man 2 (2004),93,269
Captain America: The Winter Soldier (2014),89,283
Love Is Strange (2014),94,172
L'année dernière à Marienbad (Last Year at Marienbad) (1961),94,47
Finding Vivian Maier (2014),95,96
An Inconvenient Truth (2006),93,162
A Film Unfinished (2010),97,64
"Bigger, Stronger, Faster* (2008)",96,76
Sweetgrass (2009),97,60
Trouble the Water (2008),96,75
To Be and to Have (Etre et Avoir) (2003),97,59
"Food, Inc. (2009)",95,111
The Wild Parrots of Telegraph Hill (2005),95,100
Chasing Ice (2012),96,69
The Gatekeepers (2013),94,109
Touching the Void (2004),94,139
I Am Divine (2013),96,51
Manakamana (2014),96,48
Deep Water (2006),96,55
The Last of the Unjust (2014),96,47
Cutie And The Boxer (2013),95,73
Brooklyn Castle (2012),96,51
Up the Yangtze (2007),96,52
Good Hair (2009),95,83
5 Broken Cameras (2012),96,45
National Gallery (2014),95,64
The Salt of the Earth (2015),94,89
Last Days in Vietnam (2014),95,62
Plagues & Pleasures on the Salton Sea (2004),96,49
Promises (2002),96,47
The Arbor (2011),96,46
The Endurance (2001),95,65
Super Size Me (2004),92,170
My Winnipeg (2007),94,90
The Story of the Weeping Camel (2004),94,102
Rocky (1976),93,57
Red Army (2015),94,96
Battle of the Sexes (2017),85,280
The Fighter (2010),90,241
The Crash Reel (2013),96,46
Sugar (2008),92,134
The Damned United (2009),92,136
Boxing Gym (2010),95,42
Riding Giants (2004),93,95
Senna (2011),92,118
Dogtown and Z-Boys (2001),92,95
The Color of Money (1986),89,46
Tristram Shandy: A Cock & Bull Story (2005),89,129
Up for Grabs (2005),92,48
Hoosiers (1986),88,43
Field of Dreams (1989),86,58
Girlfight (2000),87,95
The Heart of the Game (2005),87,99
Tyson (2009),85,143
Chariots of Fire (1981),83,65
The Hurricane (1999),83,113
Looking for Eric (2010),85,98
The Armstrong Lie (2013),82,116
Major League (1989),82,39
Goon (2012),82,104
Beyond the Mat (1999),82,66
The Boxer (1997),80,69
Invictus (2009),76,240
Fed Up (2014),81,68
A League of Their Own (1992),78,63
Step Into Liquid (2003),81,80
Once in a Lifetime: The Extraordinary Story of the New York Cosmos (2006),81,59
Stoked: The Rise and Fall of Gator (2003),81,47
Talladega Nights: The Ballad of Ricky Bobby (2006),71,184
Invincible (2006),72,134
Gunnin' for That #1 Spot (2008),74,42
Ultimate X: The Movie (2002),74,47
The Blind Side (2009),66,200
More Than a Game (2009),71,51
Secretariat (2010),63,148
Dust to Glory (2005),60,68
NASCAR: The IMAX Experience (2004),61,44
Glory Road (2006),56,151
The Sandlot (1993),57,49
Because of Winn-Dixie (2005),55,121
The Perfect Game (2010),57,44
Steep (2007),54,48
First Descent (2005),52,64
Soul Surfer (2011),45,103
Goal! The Dream Begins (Goal!: The Impossible Dream) (2005),43,82
The Replacements (2000),41,108
Beerfest (2006),40,107
Grudge Match (2013),30,136
Jiminy Glick in Lalawood (2005),22,45
Playing for Keeps (2012),5,88
Behind the Candelabra (2013),95,101
The Return (2004),95,86
Being Elmo: A Puppeteer's Journey (2011),95,78
"Not Quite Hollywood: The Wild, Untold Story of Ozploitation! (2008)",95,62
Best Worst Movie (2010),95,64
American Movie (1999),94,49
The Normal Heart (2014),94,50
"Yoo-hoo, Mrs. Goldberg (2009)",93,68
The Kid Stays in the Picture (2002),91,112
Side by Side (2012),92,66
Joan Rivers: A Piece Of Work (2010),91,105
Duel (1972),88,41
Saraband (2003),91,85
Corman's World: Exploits Of A Hollywood Rebel (2011),92,50
"Electric Boogaloo: The Wild, Untold Story of Cannon Films (2012)",91,43
Tell Them Who You Are (2005),88,65
The Five Obstructions (2003),88,60
Doctor Zhivago (1965),82,45
This Film Is Not Yet Rated (2006),84,116
Trekkies (1999),86,42
Inside Deep Throat (2005),83,120
Outfoxed: Rupert Murdoch's War on Journalism (2004),85,60
Trumbo (2007),83,54
Confirmation (2016),82,44
Tupac: Resurrection (2003),78,89
Overnight (2004),78,77
Teacher's Pet (2004),76,74
POM Wonderful Presents: The Greatest Movie Ever Sold (2011),74,129
Fellini: I'm a Born Liar (2003),73,40
My Date With Drew (2004),71,65
Only Human (Seres queridos) (2006),71,52
Waking Sleeping Beauty (2010),70,50
Porn Star: The Legend of Ron Jeremy (2001),69,49
The Rugrats Movie (1998),59,49
I'm Still Here (2010),53,128
No Strings Attached (2011),49,167
Bamboozled (2000),48,97
The Real Cancun (2003),35,88
I Am (2011),36,47
15 Minutes (2001),32,124
Man of the Year (2006),22,143
Pokemon 3: The Movie (2001),21,56
The Honeymooners (2005),13,111
From Justin To Kelly (2003),10,63
"The Good, the Bad and the Ugly (1966)",97,68
Unforgiven (1992),96,96
The Wild Bunch (1969),94,54
The Ballad of Buster Scruggs (2018),92,194
The Man Who Shot Liberty Valance (1962),93,43
Butch Cassidy and the Sundance Kid (1969),90,48
3:10 to Yuma (2007),89,218
Django Unchained (2012),86,274
Blazing Saddles (1974),90,52
True Grit (1969),88,52
McCabe & Mrs. Miller (1971),89,47
The Magnificent Seven (1960),88,42
The Three Burials of Melquiades Estrada (2006),85,145
Meek's Cutoff (2011),86,126
The Proposition (2005),85,124
Dances With Wolves (1990),82,72
The Homesman (2014),81,147
The Hateful Eight (2015),74,308
"The Good, the Bad, the Weird (Joheun-nom, Nabbeun-nom, Isanghan-nom) (2010)",83,64
Open Range (2003),79,183
Shanghai Noon (2000),79,134
Appaloosa (2008),76,161
The Assassination of Jesse James by the Coward Robert Ford (2007),76,173
Hostiles (2018),71,201
Red Hill (2010),78,65
In a Valley of Violence (2016),76,67
The Keeping Room (2015),75,83
The Horse Whisperer (1998),74,57
Blackthorn (2011),75,73
Tombstone (1993),73,45
Fah talai jone (Tears of the Black Tiger) (2007),74,62
The Magnificent Seven (2016),63,289
The Salvation (2015),72,78
Dead Man (1995),70,50
The Rover (2014),66,165
Maverick (1994),66,53
The Claim (2000),62,84
The Missing (2003),58,173
Heaven's Gate (1980),57,42
Legends of the Fall (1994),56,55
The Quick and the Dead (1995),57,40
Sukiyaki Western Django (2008),56,54
The Killer Inside Me (2010),54,127
Seraphim Falls (2007),55,85
Ned Kelly (2003),56,54
Down in the Valley (2006),52,101
Cowboys & Aliens (2011),45,249
Forsaken (2016),43,44
Jane Got a Gun (2016),41,80
Brimstone (2017),41,71
A Million Ways to Die in the West (2014),33,197
The Lone Ranger (2013),31,235
The Alamo (2004),29,158
The Warrior's Way (2010),28,40
The Dark Tower (2017),16,248
Wild Wild West (1999),17,131
Priest (2011),15,97
American Outlaws (2001),14,103
September Dawn (2007),15,54
Jonah Hex (2010),12,147
Texas Rangers (2001),2,51
